{
     "460187505493409835": {
          "credits": 262
     },
     "661514569314730009": {
          "credits": 50
     },
     "739656884939915334": {
          "credits": 50
     },
     "794941617580015626": {
          "credits": 50
     },
     "415062217596076033": {
          "credits": 50
     },
     "763337833753739268": {
          "credits": 50
     },
     "789482843596128267": {
          "credits": 50
     },
     "721355948135809148": {
          "credits": 247
     },
     "592701268049264641": {
          "credits": 50
     },
     "592056499447005242": {
          "credits": 99
     },
     "817064256881164389": {
          "credits": 50
     }
}